id,name,urban_area,state_code,state,postcode,type,latitude,longitude,elevation,population,median_income,area_sq_km,local_government_area,region,time_zone
1,Aarons Pass,,NSW,New South Wales,2850,Rural locality,-32.86328,149.80375,804,22,29900,82.76400,Mid-Western Regional (Area),Central West,Australia/Sydney
2,Abba River,,WA,Western Australia,6280,Rural locality,-33.68488,115.46334,23,68,35100,28.51600,Busselton (City),Bunbury,Australia/Perth
3,Abbey,Busselton,WA,Western Australia,6280,Suburb,-33.66077,115.25863,7,1275,34580,2.64400,Busselton (City),Bunbury,Australia/Perth
4,Abbeyard,,VIC,Victoria,3737,Rural locality,-36.96978,146.75244,415,0,0,327.50100,Alpine (Shire),Hume,Australia/Melbourne
5,Abbeywood,,QLD,Queensland,4613,Rural locality,-26.10688,151.62880,429,23,16484,35.03500,South Burnett (Regional Council),Wide Bay,Australia/Brisbane
6,Abbotsbury,Sydney,NSW,New South Wales,2176,Suburb,-33.87754,150.86777,80,4253,37492,4.97900,Fairfield (City),Sydney - South West,Australia/Sydney
7,Abbotsford,Sydney,NSW,New South Wales,2046,Suburb,-33.85247,151.12945,24,5373,50180,1.01800,Canada Bay (Area),Sydney - Inner West,Australia/Sydney
8,Abbotsford,,QLD,Queensland,4670,Rural locality,-24.84369,152.02491,75,3,42848,85.76400,Bundaberg (Regional Council),Wide Bay,Australia/Brisbane
9,Abbotsford,Melbourne,VIC,Victoria,3067,Suburb,-37.80329,145.00043,25,8184,55536,1.74100,Yarra (City),Melbourne - Inner,Australia/Melbourne
10,Abbotsham,,TAS,Tasmania,7315,Rural locality,-41.21131,146.17558,102,95,29900,8.15500,Central Coast (Municipality),West and North West,Australia/Hobart
11,Abels Bay,,TAS,Tasmania,7112,Rural locality,-43.23333,147.09803,21,126,22672,5.21100,Huon Valley (Municipality),South East,Australia/Hobart
12,Abercorn,,QLD,Queensland,4627,Rural locality,-25.13664,151.12935,200,46,24232,94.27300,North Burnett (Regional Council),Wide Bay,Australia/Brisbane
13,Abercrombie,Bathurst,NSW,New South Wales,2795,Suburb,-33.38996,149.55047,661,1109,42276,2.97800,Bathurst Regional (Area),Central West,Australia/Sydney
14,Abercrombie River,,NSW,New South Wales,2795,Rural locality,-33.91055,149.34763,757,22,23348,127.17000,Bathurst Regional (Area),Central West,Australia/Sydney
15,Aberdare,Cessnock,NSW,New South Wales,2325,Suburb,-32.84420,151.37651,95,2473,26572,3.29600,Cessnock (City),Hunter Valley exc Newcastle,Australia/Sydney
16,Aberdeen,,NSW,New South Wales,2336,Urban locality,-32.16240,150.89012,178,2084,31356,41.63300,Upper Hunter Shire (Area),Hunter Valley exc Newcastle,Australia/Sydney
17,Aberdeen,,TAS,Tasmania,7310,Rural locality,-41.24112,146.32449,108,229,31876,4.22900,Devonport (City),West and North West,Australia/Hobart
18,Aberfeldie,Melbourne,VIC,Victoria,3040,Suburb,-37.75669,144.89626,44,3897,45604,1.55200,Moonee Valley (City),Melbourne - Inner,Australia/Melbourne
19,Aberfeldy,,VIC,Victoria,3825,Rural locality,-37.69657,146.36406,1076,0,0,10.83200,Baw Baw (Shire),Latrobe - Gippsland,Australia/Melbourne
20,Aberfoyle,,NSW,New South Wales,2350,Rural locality,-30.24061,152.01293,1152,102,42900,340.47900,Armidale Regional (Area),New England and North West,Australia/Sydney
21,Aberfoyle Park,Adelaide,SA,South Australia,5159,Suburb,-35.07628,138.59372,187,11039,34684,5.84400,Onkaparinga (City),Adelaide - South,Australia/Adelaide
22,Aberglasslyn,Maitland,NSW,New South Wales,2320,Suburb,-32.69466,151.53461,39,5401,39416,6.21600,Maitland (City),Hunter Valley exc Newcastle,Australia/Sydney
23,Abergowrie,,QLD,Queensland,4850,Rural locality,-18.47499,145.88579,53,438,31408,306.26500,Hinchinbrook (Shire),Townsville,Australia/Brisbane
24,Abermain,Kurri Kurri,NSW,New South Wales,2326,Suburb,-32.81082,151.42867,34,2337,25896,15.38200,Cessnock (City),Hunter Valley exc Newcastle,Australia/Sydney
25,Abernethy,,NSW,New South Wales,2325,Urban locality,-32.88324,151.39668,91,348,26364,8.40300,Cessnock (City),Hunter Valley exc Newcastle,Australia/Sydney
26,Abingdon Downs,,QLD,Queensland,4892,Rural locality,-17.79980,143.43956,255,0,0,5052.02800,Etheridge (Shire),Queensland - Outback,Australia/Brisbane
27,Abington,,NSW,New South Wales,2350,Rural locality,-30.29421,151.25027,740,12,54184,174.31400,Uralla (Area),New England and North West,Australia/Sydney
28,Abington,,QLD,Queensland,4660,Rural locality,-25.20324,152.32893,61,60,27300,19.56500,Bundaberg (Regional Council),Wide Bay,Australia/Brisbane
29,Acacia Creek,,NSW,New South Wales,2476,Rural locality,-28.37333,152.32088,607,42,23400,6.21200,Tenterfield (Area),New England and North West,Australia/Sydney
30,Acacia Gardens,Sydney,NSW,New South Wales,2763,Suburb,-33.73355,150.91371,87,3798,47060,1.00100,Blacktown (City),Sydney - Blacktown,Australia/Sydney
31,Acacia Hills,,NT,Northern Territory,0822,Rural locality,-12.79565,131.12295,38,694,47528,127.30900,Litchfield (Municipality),Darwin,Australia/Darwin
32,Acacia Hills,,TAS,Tasmania,7306,Rural locality,-41.28049,146.32495,143,623,33280,19.25700,Kentish (Municipality),West and North West,Australia/Hobart
33,Acacia Ridge,Brisbane,QLD,Queensland,4110,Suburb,-27.58963,153.02787,39,7429,25896,8.66400,Brisbane (City),Brisbane - South,Australia/Brisbane
34,Acheron,,VIC,Victoria,3714,Rural locality,-37.25243,145.70202,202,171,31096,72.66000,Murrindindi (Shire),Hume,Australia/Melbourne
35,Acland,,QLD,Queensland,4401,Rural locality,-27.30370,151.69110,444,32,16900,38.17900,Toowoomba (Regional Council),Darling Downs - Maranoa,Australia/Brisbane
36,Acton,Canberra,ACT,Australian Capital Territory,2601,Suburb,-35.28732,149.11213,556,2086,9308,5.98900,Unincorporated,Australian Capital Territory,Australia/Sydney
37,Acton,Burnie - Somerset,TAS,Tasmania,7320,Suburb,-41.07007,145.89399,152,1349,24284,0.95400,Burnie (City),West and North West,Australia/Hobart
38,Acton Park,Hobart,TAS,Tasmania,7170,Suburb,-42.86574,147.46989,103,2078,43472,19.26700,Clarence (City),Hobart,Australia/Hobart
39,Acton Park,,WA,Western Australia,6280,Rural locality,-33.77704,115.37437,53,102,39312,24.85400,Busselton (City),Bunbury,Australia/Perth
40,Ada,,VIC,Victoria,3833,Rural locality,-37.84087,145.84969,669,0,0,61.67000,Baw Baw (Shire),Latrobe - Gippsland,Australia/Melbourne
41,Adaminaby,,NSW,New South Wales,2629,Urban locality,-35.99735,148.76974,1022,301,28548,356.49600,Snowy Monaro Regional (Area),Capital Region,Australia/Sydney
42,Adams Estate,,VIC,Victoria,3984,Rural locality,-38.42519,145.53186,83,59,34736,0.21500,Bass Coast (Shire),Latrobe - Gippsland,Australia/Melbourne
43,Adamstown,Newcastle,NSW,New South Wales,2289,Suburb,-32.93254,151.72625,25,6044,36296,3.07100,Newcastle (City),Newcastle and Lake Macquarie,Australia/Sydney
44,Adamstown Heights,Newcastle,NSW,New South Wales,2289,Suburb,-32.95098,151.71770,97,5299,39052,2.39400,Newcastle (City),Newcastle and Lake Macquarie,Australia/Sydney
45,Adamsvale,,WA,Western Australia,6375,Rural locality,-32.24941,117.72485,298,31,84500,246.52000,Corrigin (Shire),Western Australia - Wheat Belt,Australia/Perth
46,Adare,,QLD,Queensland,4343,Rural locality,-27.52154,152.28656,122,873,31772,39.04900,Lockyer Valley (Regional Council),Toowoomba,Australia/Brisbane
47,Adavale,,QLD,Queensland,4474,Rural locality,-25.91190,144.70107,285,93,23400,21354.75700,Quilpie (Shire),Queensland - Outback,Australia/Brisbane
48,Addington,,VIC,Victoria,3352,Rural locality,-37.38446,143.67251,464,71,22932,18.59600,Ballarat (City),Ballarat,Australia/Melbourne
49,Adelaide,,SA,South Australia,5000,Major urban locality,-34.92577,138.59973,75,15115,24648,10.48200,Adelaide (City),Adelaide - Central and Hills,Australia/Adelaide
50,Adelaide Airport,Adelaide,SA,South Australia,5950,Suburb,-34.93726,138.53916,11,0,0,7.29500,West Torrens (City),Adelaide - West,Australia/Adelaide
51,Adelaide Lead,,VIC,Victoria,3465,Rural locality,-37.07467,143.67736,235,81,28912,38.50300,Central Goldfields (Shire),Ballarat,Australia/Melbourne
52,Adelaide Park,,QLD,Queensland,4703,Rural locality,-23.11468,150.69673,63,424,28600,24.13900,Livingstone (Shire),Central Queensland,Australia/Brisbane
53,Adelaide River,,NT,Northern Territory,0846,Rural locality,-13.19095,131.13760,45,353,27404,146.73800,Coomalie (Shire),Northern Territory - Outback,Australia/Darwin
54,Adelong,,NSW,New South Wales,2729,Urban locality,-35.30795,148.06368,338,943,26364,20.27000,Snowy Valleys (Area),Riverina,Australia/Sydney
55,Adjungbilly,,NSW,New South Wales,2727,Rural locality,-35.08146,148.40992,513,81,42328,438.10100,Cootamundra-Gundagai Regional (Area),Riverina,Australia/Sydney
56,Advancetown,,QLD,Queensland,4211,Rural locality,-28.03305,153.27963,55,482,38948,63.55300,Gold Coast (City),Gold Coast,Australia/Brisbane
57,Adventure Bay,,TAS,Tasmania,7150,Rural locality,-43.35579,147.32612,16,195,22464,11.42700,Kingborough (Municipality),South East,Australia/Hobart
58,Aeroglen,Cairns,QLD,Queensland,4870,Suburb,-16.88394,145.74673,6,403,43524,9.86400,Cairns (Regional Council),Cairns,Australia/Brisbane
59,Afterlee,,NSW,New South Wales,2474,Rural locality,-28.59388,152.82575,238,50,23608,34.78400,Kyogle (Area),Richmond - Tweed,Australia/Sydney
60,Agery,,SA,South Australia,5558,Rural locality,-34.15690,137.74281,105,96,38792,159.28800,Yorke Peninsula (District Council),Barossa - Yorke - Mid North,Australia/Adelaide
61,Agnes,,VIC,Victoria,3962,Rural locality,-38.67015,146.39615,21,57,22204,15.71700,South Gippsland (Shire),Latrobe - Gippsland,Australia/Melbourne
62,Agnes Banks,,NSW,New South Wales,2753,Rural locality,-33.61888,150.70737,27,911,40352,15.47500,Penrith (City),Sydney - Outer West and Blue Mountains,Australia/Sydney
63,Agnes Water,,QLD,Queensland,4677,Urban locality,-24.21251,151.90335,25,2210,25636,40.26200,Gladstone (Regional Council),Central Queensland,Australia/Brisbane
64,Ainslie,Canberra,ACT,Australian Capital Territory,2602,Suburb,-35.26215,149.14589,593,5189,53508,3.54100,Unincorporated,Australian Capital Territory,Australia/Sydney
65,Aintree,,VIC,Victoria,3336,Suburb,-37.71806,144.66806,126,0,,0.00000,Melton (City),Melbourne - West,Australia/Melbourne
66,Airdmillan,,QLD,Queensland,4807,Rural locality,-19.54686,147.44370,11,109,42120,57.42900,Burdekin (Shire),Townsville,Australia/Brisbane
67,Airds,Sydney,NSW,New South Wales,2560,Suburb,-34.08447,150.82904,139,2926,20020,2.38100,Campbelltown (City),Sydney - Outer South West,Australia/Sydney
68,Aire Valley,,VIC,Victoria,3237,Rural locality,-38.69611,143.56898,399,0,0,16.23800,Colac-Otway (Shire),Warrnambool and South West,Australia/Melbourne
69,Aireys Inlet,,VIC,Victoria,3231,Urban locality,-38.45944,144.10689,51,802,33852,19.61400,Surf Coast (Shire),Geelong,Australia/Melbourne
70,Airlie Beach,,QLD,Queensland,4802,Urban locality,-20.26787,148.71622,13,1208,43940,3.07000,Whitsunday (Regional Council),Mackay - Isaac - Whitsunday,Australia/Brisbane
71,Airly,,VIC,Victoria,3851,Rural locality,-38.03555,147.08440,14,146,28600,25.16600,Wellington (Shire),Latrobe - Gippsland,Australia/Melbourne
72,Airport West,Melbourne,VIC,Victoria,3042,Suburb,-37.71170,144.88704,89,7564,35516,3.67500,Moonee Valley (City),Melbourne - North West,Australia/Melbourne
73,Airville,,QLD,Queensland,4807,Rural locality,-19.65354,147.33726,19,338,36972,43.90900,Burdekin (Shire),Townsville,Australia/Brisbane
74,Aitkenvale,Townsville,QLD,Queensland,4814,Suburb,-19.29771,146.76434,14,4790,30056,3.30700,Townsville (City),Townsville,Australia/Brisbane
75,Ajana,,WA,Western Australia,6532,Rural locality,-27.94861,114.61132,213,58,24856,727.82400,Northampton (Shire),Western Australia - Outback (South),Australia/Perth
76,Akaroa,,TAS,Tasmania,7216,Urban locality,-41.30452,148.31671,8,132,26312,5.46300,Break O'Day (Municipality),Launceston and North East,Australia/Hobart
77,Akolele,,NSW,New South Wales,2546,Urban locality,-36.35580,150.07685,30,173,17680,5.95000,Eurobodalla (Area),Capital Region,Australia/Sydney
78,Alabama Hill,Charters Towers,QLD,Queensland,4820,Suburb,-20.08292,146.24937,356,121,34164,0.78400,Charters Towers (Regional Council),Townsville,Australia/Brisbane
79,Alawa,Darwin,NT,Northern Territory,0810,Suburb,-12.37896,130.87423,21,2127,43212,1.24000,Darwin (City),Darwin,Australia/Darwin
80,Alawoona,,SA,South Australia,5311,Rural locality,-34.73589,140.50879,74,39,26988,201.45600,Loxton Waikerie (District Council),South Australia - South East,Australia/Adelaide
81,Albacutya,,VIC,Victoria,3424,Rural locality,-35.69201,141.97654,85,0,0,98.51900,Hindmarsh (Shire),North West,Australia/Melbourne
82,Albanvale,Melbourne,VIC,Victoria,3021,Suburb,-37.74593,144.77003,74,5491,22776,1.86300,Brimbank (City),Melbourne - West,Australia/Melbourne
83,Albany,,WA,Western Australia,6330,Major urban locality,-35.02387,117.88354,25,1313,34476,1.80400,Albany (City),Western Australia - Wheat Belt,Australia/Perth
84,Albany Creek,Brisbane,QLD,Queensland,4035,Suburb,-27.34553,152.96840,21,15769,40872,9.62400,Moreton Bay (Regional Council),Moreton Bay - South,Australia/Brisbane
85,Albert,,NSW,New South Wales,2873,Rural locality,-32.41586,147.50811,249,81,30784,690.58000,Lachlan (Area),Central West,Australia/Sydney
86,Alberta,,QLD,Queensland,4702,Rural locality,-24.32548,149.78253,97,69,38948,385.43400,Banana (Shire),Central Queensland,Australia/Brisbane
87,Alberton,,QLD,Queensland,4207,Rural locality,-27.70787,153.26916,6,590,33644,16.19900,Gold Coast (City),Gold Coast,Australia/Brisbane
88,Alberton,Adelaide,SA,South Australia,5014,Suburb,-34.85922,138.51953,9,1818,32760,0.96700,Port Adelaide Enfield (City),Adelaide - West,Australia/Adelaide
89,Alberton,,TAS,Tasmania,7263,Rural locality,-41.29309,147.78932,310,3,0,32.91700,Dorset (Municipality),Launceston and North East,Australia/Hobart
90,Alberton,,VIC,Victoria,3971,Rural locality,-38.61139,146.66598,12,262,24492,45.10300,Wellington (Shire),Latrobe - Gippsland,Australia/Melbourne
91,Alberton West,,VIC,Victoria,3971,Rural locality,-38.59869,146.58795,21,81,26572,25.08300,Wellington (Shire),Latrobe - Gippsland,Australia/Melbourne
92,Albert Park,Adelaide,SA,South Australia,5014,Suburb,-34.87831,138.52135,10,1724,33072,0.90600,Charles Sturt (City),Adelaide - West,Australia/Adelaide
93,Albert Park,Melbourne,VIC,Victoria,3206,Suburb,-37.84071,144.95571,10,6215,60008,2.83900,Port Phillip (City),Melbourne - Inner,Australia/Melbourne
94,Albinia,,QLD,Queensland,4722,Rural locality,-24.43965,148.39740,237,112,106184,1068.01800,Central Highlands (Regional Council),Central Queensland,Australia/Brisbane
95,Albion,Brisbane,QLD,Queensland,4010,Suburb,-27.42803,153.04521,35,2296,49452,1.32200,Brisbane (City),Brisbane Inner City,Australia/Brisbane
96,Albion,,QLD,Queensland,4822,Rural locality,-21.50903,142.69317,196,16,33748,5538.56500,Richmond (Shire),Queensland - Outback,Australia/Brisbane
97,Albion,Melbourne,VIC,Victoria,3020,Suburb,-37.77595,144.81940,44,4731,26936,2.48300,Brimbank (City),Melbourne - West,Australia/Melbourne
98,Albion Park,Wollongong,NSW,New South Wales,2527,Suburb,-34.57072,150.77503,12,13316,33228,9.09800,Shellharbour (City),Illawarra,Australia/Sydney
99,Albion Park Rail,Wollongong,NSW,New South Wales,2527,Suburb,-34.56084,150.79575,6,6918,28600,7.16800,Shellharbour (City),Illawarra,Australia/Sydney
100,Albury,,NSW,New South Wales,2640,Major urban locality,-36.08214,146.91017,157,4804,40872,5.68300,Albury (City),Murray,Australia/Sydney
101,Alcomie,,TAS,Tasmania,7330,Rural locality,-40.93487,145.18523,215,56,24232,32.33000,Circular Head (Municipality),West and North West,Australia/Hobart
102,Aldavilla,Kempsey,NSW,New South Wales,2440,Suburb,-31.05895,152.76814,13,1230,25740,15.07600,Kempsey (Area),Mid North Coast,Australia/Sydney
103,Alderley,Brisbane,QLD,Queensland,4051,Suburb,-27.42442,153.00052,39,6117,49244,2.55000,Brisbane (City),Brisbane Inner City,Australia/Brisbane
104,Aldershot,,QLD,Queensland,4650,Rural locality,-25.47455,152.66010,19,1152,23088,10.24100,Fraser Coast (Regional Council),Wide Bay,Australia/Brisbane
105,Aldersyde,,WA,Western Australia,6306,Rural locality,-32.37423,117.30582,238,42,56836,389.84100,Brookton (Shire),Western Australia - Wheat Belt,Australia/Perth
106,Aldgate,Crafers - Bridgewater,SA,South Australia,5154,Suburb,-35.01512,138.73619,421,3361,44252,8.40600,Adelaide Hills (District Council),Adelaide - Central and Hills,Australia/Adelaide
107,Aldinga,,SA,South Australia,5173,Urban locality,-35.26733,138.48314,33,573,29328,13.33200,Onkaparinga (City),Adelaide - South,Australia/Adelaide
108,Aldinga Beach,Adelaide,SA,South Australia,5173,Suburb,-35.27888,138.46180,24,10557,29692,13.66800,Onkaparinga (City),Adelaide - South,Australia/Adelaide
109,Aldoga,,QLD,Queensland,4694,Rural locality,-23.83529,151.07133,58,0,0,82.07400,Gladstone (Regional Council),Central Queensland,Australia/Brisbane
110,Alectown,,NSW,New South Wales,2870,Rural locality,-32.91427,148.26801,377,168,29900,277.14400,Parkes (Area),Central West,Australia/Sydney
111,Alexander Heights,Perth,WA,Western Australia,6064,Suburb,-31.82761,115.86713,69,7924,32500,3.18200,Wanneroo (City),Perth - North West,Australia/Perth
112,Alexandra,,QLD,Queensland,4740,Rural locality,-21.16447,149.09961,20,193,36868,7.47400,Mackay (Regional Council),Mackay - Isaac - Whitsunday,Australia/Brisbane
113,Alexandra,,VIC,Victoria,3714,Urban locality,-37.19131,145.71106,222,2695,27248,79.44000,Murrindindi (Shire),Hume,Australia/Melbourne
114,Alexandra Bridge,,WA,Western Australia,6288,Rural locality,-34.16062,115.19957,23,9,37700,6.60100,Augusta-Margaret River (Shire),Bunbury,Australia/Perth
115,Alexandra Headland,Sunshine Coast,QLD,Queensland,4572,Suburb,-26.67064,153.10804,8,3958,39520,1.50400,Sunshine Coast (Regional Council),Sunshine Coast,Australia/Brisbane
116,Alexandra Hills,Brisbane,QLD,Queensland,4161,Suburb,-27.52277,153.22046,45,16254,36816,13.69000,Redland (City),Brisbane - East,Australia/Brisbane
117,Alexandria,Sydney,NSW,New South Wales,2015,Suburb,-33.90985,151.19278,6,8262,69732,3.51600,Sydney (City),Sydney - City and Inner South,Australia/Sydney
118,Alford,,SA,South Australia,5555,Rural locality,-33.81518,137.82127,67,158,30680,219.07800,Barunga West (District Council),Barossa - Yorke - Mid North,Australia/Adelaide
119,Alfords Point,Sydney,NSW,New South Wales,2234,Suburb,-33.99330,151.02475,100,3109,43732,2.56700,Sutherland Shire (Area),Sydney - Sutherland,Australia/Sydney
120,Alfred Cove,Perth,WA,Western Australia,6154,Suburb,-32.03424,115.80861,13,2550,44304,1.05700,Melville (City),Perth - South West,Australia/Perth
121,Alfredton,Ballarat,VIC,Victoria,3350,Suburb,-37.55696,143.81723,459,9220,35360,8.01000,Ballarat (City),Ballarat,Australia/Melbourne
122,Alfredtown,,NSW,New South Wales,2650,Rural locality,-35.16147,147.51238,198,109,46800,75.07900,Wagga Wagga (City),Riverina,Australia/Sydney
123,Algester,Brisbane,QLD,Queensland,4115,Suburb,-27.61130,153.03352,33,8433,34996,3.69000,Brisbane (City),Brisbane - South,Australia/Brisbane
124,Alice,,NSW,New South Wales,2469,Rural locality,-29.05024,152.58745,117,6,16900,13.27500,Clarence Valley (Area),Coffs Harbour - Grafton,Australia/Sydney
125,Alice Creek,,QLD,Queensland,4610,Rural locality,-26.76002,151.63170,575,60,23400,88.11400,South Burnett (Regional Council),Wide Bay,Australia/Brisbane
126,Alice River,,QLD,Queensland,4817,Urban locality,-19.32661,146.59971,50,2425,43992,39.75800,Townsville (City),Townsville,Australia/Brisbane
127,Alice Springs,,NT,Northern Territory,0870,Major urban locality,-23.70036,133.88089,581,300,41340,1.39400,Alice Springs (Town),Northern Territory - Outback,Australia/Darwin
128,Ali Curung,,NT,Northern Territory,0872,Urban locality,-21.00041,134.39409,378,494,13208,443.15000,Barkly (Regional Council),Northern Territory - Outback,Australia/Darwin
129,Alison,,NSW,New South Wales,2259,Rural locality,-33.26817,151.39865,8,95,34788,1.39600,Central Coast (City),Central Coast,Australia/Sydney
130,Alison,,NSW,New South Wales,2420,Rural locality,-32.43480,151.77193,90,76,37648,19.27100,Dungog (Area),Hunter Valley exc Newcastle,Australia/Sydney
131,Alkimos,Perth,WA,Western Australia,6038,Suburb,-31.61455,115.68059,40,6269,48360,17.17400,Wanneroo (City),Perth - North West,Australia/Perth
132,Allambee,,VIC,Victoria,3823,Rural locality,-38.29287,146.02163,359,19,21840,13.53300,Baw Baw (Shire),Latrobe - Gippsland,Australia/Melbourne
133,Allambee Reserve,,VIC,Victoria,3871,Rural locality,-38.28526,146.05489,417,95,24388,33.06200,Baw Baw (Shire),Latrobe - Gippsland,Australia/Melbourne
134,Allambee South,,VIC,Victoria,3871,Rural locality,-38.34374,146.09959,170,76,23868,9.58300,South Gippsland (Shire),Latrobe - Gippsland,Australia/Melbourne
135,Allambie Heights,Sydney,NSW,New South Wales,2100,Suburb,-33.76508,151.24886,126,7009,40404,6.67500,Northern Beaches (Area),Sydney - Northern Beaches,Australia/Sydney
136,Allan,,QLD,Queensland,4370,Rural locality,-28.19557,151.94953,456,87,28340,8.85900,Southern Downs (Regional Council),Darling Downs - Maranoa,Australia/Brisbane
137,Allandale,,NSW,New South Wales,2320,Rural locality,-32.71069,151.42353,55,73,45032,10.48300,Maitland (City),Hunter Valley exc Newcastle,Australia/Sydney
138,Allandale,,QLD,Queensland,4310,Rural locality,-28.00836,152.75909,217,56,27924,48.77200,Scenic Rim (Regional Council),Ipswich,Australia/Brisbane
139,Allanooka,,WA,Western Australia,6525,Rural locality,-29.04726,115.02908,100,19,35360,323.58400,Irwin (Shire),Western Australia - Outback (South),Australia/Perth
140,Allans Flat,,VIC,Victoria,3691,Rural locality,-36.27611,146.90982,206,318,34840,38.33100,Indigo (Shire),Hume,Australia/Melbourne
141,Allansford,,VIC,Victoria,3277,Urban locality,-38.38647,142.59067,15,1521,34892,85.63600,Warrnambool (City),Warrnambool and South West,Australia/Melbourne
142,Allanson,,WA,Western Australia,6225,Urban locality,-33.33753,116.09806,191,627,32448,24.79600,Collie (Shire),Bunbury,Australia/Perth
143,Allawah,Sydney,NSW,New South Wales,2218,Suburb,-33.97002,151.11452,55,5706,31928,0.58400,Georges River (Area),Sydney - Inner South West,Australia/Sydney
144,Alleena,,NSW,New South Wales,2671,Rural locality,-34.10946,147.14097,284,61,23400,269.63300,Bland (Area),Central West,Australia/Sydney
145,Allenby Gardens,Adelaide,SA,South Australia,5009,Suburb,-34.90433,138.55515,18,1868,34580,0.82600,Charles Sturt (City),Adelaide - West,Australia/Adelaide
146,Allendale,,VIC,Victoria,3364,Rural locality,-37.36871,143.93855,479,166,36036,14.23800,Hepburn (Shire),Ballarat,Australia/Melbourne
147,Allendale East,,SA,South Australia,5291,Urban locality,-38.00337,140.70894,16,472,30940,50.11700,Grant (District Council),South Australia - South East,Australia/Adelaide
148,Allendale North,,SA,South Australia,5373,Rural locality,-34.30398,138.91766,277,147,27924,46.95500,Light (Regional Council),Barossa - Yorke - Mid North,Australia/Adelaide
149,Allens Rivulet,,TAS,Tasmania,7150,Rural locality,-43.01068,147.20406,148,487,37544,11.97200,Kingborough (Municipality),Hobart,Australia/Hobart
150,Allenstown,Rockhampton,QLD,Queensland,4700,Suburb,-23.38894,150.50287,13,2790,27612,2.22900,Rockhampton (Regional Council),Central Queensland,Australia/Brisbane
151,Allenview,,QLD,Queensland,4285,Rural locality,-27.90126,152.93908,36,184,33176,43.49400,Scenic Rim (Regional Council),Logan - Beaudesert,Australia/Brisbane
152,Allestree,,VIC,Victoria,3305,Rural locality,-38.27035,141.65616,10,128,25012,7.96000,Glenelg (Shire),Warrnambool and South West,Australia/Melbourne
153,Allgomera,,NSW,New South Wales,2441,Rural locality,-30.81610,152.83137,51,131,24908,120.38800,Nambucca Valley (Area),Mid North Coast,Australia/Sydney
154,Alligator Creek,,QLD,Queensland,4740,Rural locality,-21.32393,149.21106,16,791,37284,78.03000,Mackay (Regional Council),Mackay - Isaac - Whitsunday,Australia/Brisbane
155,Alligator Creek,,QLD,Queensland,4816,Urban locality,-19.42492,146.94720,26,1353,44876,49.40200,Townsville (City),Townsville,Australia/Brisbane
156,Allora,,QLD,Queensland,4362,Urban locality,-28.03585,151.98272,473,1223,25064,96.47300,Southern Downs (Regional Council),Darling Downs - Maranoa,Australia/Brisbane
157,Alloway,,QLD,Queensland,4670,Rural locality,-24.95238,152.36214,29,490,30524,72.78800,Bundaberg (Regional Council),Wide Bay,Australia/Brisbane
158,Allworth,,NSW,New South Wales,2425,Rural locality,-32.54169,151.96093,20,166,31512,18.25100,Mid-Coast (Area),Mid North Coast,Australia/Sydney
159,Allynbrook,,NSW,New South Wales,2311,Rural locality,-32.36334,151.53623,89,64,35724,34.18200,Dungog (Area),Hunter Valley exc Newcastle,Australia/Sydney
160,Alma,,SA,South Australia,5401,Rural locality,-34.26662,138.63086,177,75,37700,102.78600,Wakefield (District Council),Barossa - Yorke - Mid North,Australia/Adelaide
161,Alma,,VIC,Victoria,3465,Rural locality,-37.02881,143.67682,212,201,22204,20.69400,Central Goldfields (Shire),Ballarat,Australia/Melbourne
162,Alma,,WA,Western Australia,6535,Rural locality,-28.23338,114.69358,281,114,33280,342.00500,Northampton (Shire),Western Australia - Outback (South),Australia/Perth
163,Almaden,,QLD,Queensland,4871,Rural locality,-17.34006,144.67813,498,71,25116,797.52500,Mareeba (Shire),Queensland - Outback,Australia/Brisbane
164,Alma Park,,NSW,New South Wales,2659,Rural locality,-35.60413,146.79169,213,55,53300,87.68500,Greater Hume Shire (Area),Murray,Australia/Sydney
165,Almonds,,VIC,Victoria,3727,Rural locality,-36.22497,146.06069,177,26,19916,31.57200,Moira (Shire),Shepparton,Australia/Melbourne
166,Almurta,,VIC,Victoria,3979,Rural locality,-38.45863,145.58388,66,48,35724,16.58900,Bass Coast (Shire),Latrobe - Gippsland,Australia/Melbourne
167,Alonnah,,TAS,Tasmania,7150,Rural locality,-43.32148,147.24218,5,137,24544,15.17000,Kingborough (Municipality),South East,Australia/Hobart
168,Aloomba,,QLD,Queensland,4871,Rural locality,-17.11626,145.83486,13,529,38480,110.98000,Cairns (Regional Council),Cairns,Australia/Brisbane
169,Alpha,,QLD,Queensland,4724,Urban locality,-23.64966,146.64107,353,335,37076,203.40800,Barcaldine (Regional Council),Queensland - Outback,Australia/Brisbane
170,Alphington,Melbourne,VIC,Victoria,3078,Suburb,-37.78077,145.03116,38,5080,47580,2.81700,Yarra (City),Melbourne - Inner,Australia/Melbourne
171,Alpine,,NSW,New South Wales,2575,Rural locality,-34.40952,150.52396,605,135,38948,23.03300,Wingecarribee (Area),Southern Highlands and Shoalhaven,Australia/Sydney
172,Alpurrurulam,,NT,Northern Territory,4825,Urban locality,-20.98411,137.85075,201,420,13156,9.99300,Barkly (Regional Council),Northern Territory - Outback,Australia/Darwin
173,Alsace,,QLD,Queensland,4702,Rural locality,-23.27589,149.35051,134,3,0,351.82300,Central Highlands (Regional Council),Central Queensland,Australia/Brisbane
174,Alstonvale,,NSW,New South Wales,2477,Rural locality,-28.80561,153.44548,129,442,36088,10.25800,Ballina (Area),Richmond - Tweed,Australia/Sydney
175,Alstonville,,NSW,New South Wales,2477,Urban locality,-28.84213,153.44036,150,5739,29640,28.82500,Ballina (Area),Richmond - Tweed,Australia/Sydney
176,Altona,,SA,South Australia,5351,Rural locality,-34.59717,138.91362,233,131,40976,8.87900,Barossa (District Council),Barossa - Yorke - Mid North,Australia/Adelaide
177,Altona,Melbourne,VIC,Victoria,3018,Suburb,-37.86928,144.83029,8,10762,38064,16.73700,Hobsons Bay (City),Melbourne - West,Australia/Melbourne
178,Altona Meadows,Melbourne,VIC,Victoria,3028,Suburb,-37.87163,144.77808,11,19160,30784,10.54000,Hobsons Bay (City),Melbourne - West,Australia/Melbourne
179,Altona North,Melbourne,VIC,Victoria,3025,Suburb,-37.83471,144.84768,17,12152,26156,13.94400,Hobsons Bay (City),Melbourne - West,Australia/Melbourne
180,Alton Downs,,QLD,Queensland,4702,Rural locality,-23.30718,150.38804,29,1278,38012,177.47200,Rockhampton (Regional Council),Central Queensland,Australia/Brisbane
181,Alumy Creek,,NSW,New South Wales,2460,Rural locality,-29.64092,152.95145,5,91,26988,9.05300,Clarence Valley (Area),Coffs Harbour - Grafton,Australia/Sydney
182,Alva,,QLD,Queensland,4807,Urban locality,-19.45750,147.48173,7,279,27612,112.82200,Burdekin (Shire),Townsville,Australia/Brisbane
183,Alvie,,VIC,Victoria,3249,Rural locality,-38.24432,143.48190,120,132,31980,25.30600,Colac-Otway (Shire),Warrnambool and South West,Australia/Melbourne
184,Alyangula,,NT,Northern Territory,0885,Urban locality,-13.85287,136.42249,27,873,89908,2.74300,Unincorporated,Northern Territory - Outback,Australia/Darwin
185,Amamoor,,QLD,Queensland,4570,Rural locality,-26.34524,152.67499,74,636,24596,34.35600,Gympie (Regional Council),Wide Bay,Australia/Brisbane
186,Amamoor Creek,,QLD,Queensland,4570,Rural locality,-26.35952,152.56331,128,56,23400,168.81400,Gympie (Regional Council),Wide Bay,Australia/Brisbane
187,Amaroo,Canberra,ACT,Australian Capital Territory,2914,Suburb,-35.17033,149.12588,631,5710,56680,2.58700,Unincorporated,Australian Capital Territory,Australia/Sydney
188,Amaroo,,NSW,New South Wales,2866,Rural locality,-33.16432,148.92084,626,46,43056,16.78000,Cabonne (Area),Central West,Australia/Sydney
189,Amaroo,,QLD,Queensland,4829,Rural locality,-23.39387,139.67312,119,22,39624,9358.70400,Boulia (Shire),Queensland - Outback,Australia/Brisbane
190,Amata,,SA,South Australia,0872,Urban locality,-26.15662,131.14472,694,455,13572,11.24800,Anangu Pitjantjatjara (Aboriginal Council),South Australia - Outback,Australia/Adelaide
191,Ambania,,WA,Western Australia,6632,Rural locality,-28.69532,115.11880,235,12,26000,327.85500,Greater Geraldton (City),Western Australia - Outback (South),Australia/Perth
192,Ambarvale,Sydney,NSW,New South Wales,2560,Suburb,-34.08047,150.80364,86,7374,28912,2.88200,Campbelltown (City),Sydney - Outer South West,Australia/Sydney
193,Amber,,QLD,Queensland,4871,Rural locality,-17.74731,144.31566,408,0,0,1032.89800,Mareeba (Shire),Queensland - Outback,Australia/Brisbane
194,Ambergate,,WA,Western Australia,6280,Rural locality,-33.71163,115.32628,21,467,35516,38.39500,Busselton (City),Bunbury,Australia/Perth
195,Amberley,Brisbane,QLD,Queensland,4306,Suburb,-27.64043,152.70240,42,253,52936,26.11100,Ipswich (City),Ipswich,Australia/Brisbane
196,Ambleside,Devonport,TAS,Tasmania,7310,Suburb,-41.20612,146.37295,15,663,30940,1.09200,Devonport (City),West and North West,Australia/Hobart
197,Ambrose,,QLD,Queensland,4695,Rural locality,-23.78568,150.92680,36,218,24232,63.26300,Gladstone (Regional Council),Central Queensland,Australia/Brisbane
198,Amby,,QLD,Queensland,4462,Rural locality,-26.54921,148.18690,354,86,23192,198.98000,Maranoa (Regional Council),Darling Downs - Maranoa,Australia/Brisbane
199,Amelup,,WA,Western Australia,6338,Rural locality,-34.23847,118.22088,185,64,79612,402.44100,Gnowangerup (Shire),Western Australia - Wheat Belt,Australia/Perth
200,American Beach,,SA,South Australia,5222,Rural locality,-35.77694,137.87650,28,6,29900,0.63200,Kangaroo Island (District Council),South Australia - South East,Australia/Adelaide
201,American River,,SA,South Australia,5221,Urban locality,-35.77305,137.77996,15,238,21892,1.82000,Kangaroo Island (District Council),South Australia - South East,Australia/Adelaide
202,Amherst,,VIC,Victoria,3371,Rural locality,-37.14647,143.67017,254,65,19344,34.00000,Central Goldfields (Shire),Ballarat,Australia/Melbourne
203,Amiens,,QLD,Queensland,4380,Rural locality,-28.58362,151.80109,871,293,24180,51.90300,Southern Downs (Regional Council),Darling Downs - Maranoa,Australia/Brisbane
204,Amity,,QLD,Queensland,4183,Urban locality,-27.39789,153.43908,7,387,26780,5.06300,Redland (City),Brisbane - East,Australia/Brisbane
205,Amoonguna,,NT,Northern Territory,0873,Urban locality,-23.76847,133.93067,546,239,9360,5.58800,MacDonnell (Regional Council),Northern Territory - Outback,Australia/Darwin
206,Amor,,VIC,Victoria,3825,Rural locality,-37.94124,146.39980,521,0,0,6.46400,Baw Baw (Shire),Latrobe - Gippsland,Australia/Melbourne
207,Amosfield,,NSW,New South Wales,4380,Rural locality,-28.62402,152.06643,870,31,17316,58.00400,Tenterfield (Area),New England and North West,Australia/Sydney
208,Amphitheatre,,VIC,Victoria,3468,Rural locality,-37.18234,143.39992,280,248,22620,152.46900,Pyrenees (Shire),Ballarat,Australia/Melbourne
209,Ampilatwatja,,NT,Northern Territory,0872,Urban locality,-21.65288,135.22453,399,418,12220,28.27700,Barkly (Regional Council),Northern Territory - Outback,Australia/Darwin
210,Amyton,,SA,South Australia,5431,Rural locality,-32.60343,138.32739,316,5,46800,75.90000,Mount Remarkable (District Council),Barossa - Yorke - Mid North,Australia/Adelaide
211,Anabranch North,,NSW,New South Wales,2648,Rural locality,-33.29636,141.80229,42,9,50024,1661.39400,Wentworth (Area),Murray,Australia/Sydney
212,Anabranch South,,NSW,New South Wales,2648,Rural locality,-33.54487,141.73014,56,34,33124,2279.46300,Wentworth (Area),Murray,Australia/Sydney
213,Anakie,,VIC,Victoria,3213,Rural locality,-37.93803,144.28470,136,690,35308,181.12300,Greater Geelong (City),Geelong,Australia/Melbourne
214,Anama,,SA,South Australia,5464,Rural locality,-33.68676,138.56545,373,14,44148,24.22400,Clare and Gilbert Valleys (District Council),Barossa - Yorke - Mid North,Australia/Adelaide
215,Anambah,,NSW,New South Wales,2320,Rural locality,-32.67607,151.49513,13,30,29900,11.59200,Maitland (City),Hunter Valley exc Newcastle,Australia/Sydney
216,Anangu Pitjantjatjara Yankunytjatjara,,SA,South Australia,0872,Rural locality,-27.07839,131.20589,498,226,23868,102237.14400,Anangu Pitjantjatjara (Aboriginal Council),South Australia - Outback,Australia/Adelaide
217,Anatye,,NT,Northern Territory,0872,Rural locality,-23.37944,136.49541,256,111,20176,45033.16800,Central Desert (Regional Council),Northern Territory - Outback,Australia/Darwin
218,Ancona,,VIC,Victoria,3715,Rural locality,-36.97227,145.79054,324,84,29120,68.44600,Mansfield (Shire),Hume,Australia/Melbourne
219,Andamooka,,SA,South Australia,5722,Urban locality,-30.45360,137.16498,109,316,24700,23.81700,Unincorporated,South Australia - Outback,Australia/Adelaide
220,Andamooka Station,,SA,South Australia,5719,Rural locality,-30.77681,136.61509,103,4,50024,8794.54000,Unincorporated,South Australia - Outback,Australia/Adelaide
221,Andergrove,Mackay,QLD,Queensland,4740,Suburb,-21.09694,149.18533,8,9419,36036,8.48000,Mackay (Regional Council),Mackay - Isaac - Whitsunday,Australia/Brisbane
222,Anderleigh,,QLD,Queensland,4570,Rural locality,-25.99842,152.67358,109,90,27560,48.17700,Gympie (Regional Council),Wide Bay,Australia/Brisbane
223,Anderson,,VIC,Victoria,3995,Rural locality,-38.52174,145.44930,63,28,23400,5.83100,Bass Coast (Shire),Latrobe - Gippsland,Australia/Melbourne
224,Ando,,NSW,New South Wales,2631,Rural locality,-36.73993,149.26121,884,72,34424,112.16300,Snowy Monaro Regional (Area),Capital Region,Australia/Sydney
225,Andover,,TAS,Tasmania,7120,Rural locality,-42.33000,147.46064,407,38,29224,73.44600,Southern Midlands (Municipality),South East,Australia/Hobart
226,Andrews,,SA,South Australia,5454,Rural locality,-33.59900,138.63124,320,37,38428,77.25500,Northern Areas (District Council),Barossa - Yorke - Mid North,Australia/Adelaide
227,Andrews Farm,Adelaide,SA,South Australia,5114,Suburb,-34.67146,138.66678,33,8043,33176,3.98900,Playford (City),Adelaide - North,Australia/Adelaide
228,Andromache,,QLD,Queensland,4800,Rural locality,-20.58452,148.42000,66,51,19916,423.06500,Whitsunday (Regional Council),Mackay - Isaac - Whitsunday,Australia/Brisbane
229,Anduramba,,QLD,Queensland,4355,Rural locality,-27.13461,152.08588,443,77,29432,283.60700,Toowoomba (Regional Council),Darling Downs - Maranoa,Australia/Brisbane
230,Anembo,,NSW,New South Wales,2621,Rural locality,-35.80545,149.42833,1076,66,35360,171.82000,Snowy Monaro Regional (Area),Capital Region,Australia/Sydney
231,Angas Plains,,SA,South Australia,5255,Rural locality,-35.33490,138.96945,21,65,29536,41.39000,Alexandrina (District Council),South Australia - South East,Australia/Adelaide
232,Angaston,,SA,South Australia,5353,Urban locality,-34.50115,139.04683,354,2095,33592,79.59200,Barossa (District Council),Barossa - Yorke - Mid North,Australia/Adelaide
233,Angas Valley,,SA,South Australia,5238,Rural locality,-34.75513,139.30616,79,47,26624,50.23400,Mid Murray (District Council),South Australia - South East,Australia/Adelaide
234,Angelo River,,WA,Western Australia,6642,Rural locality,-24.07860,118.01042,356,9,32760,13971.80300,Meekatharra (Shire),Western Australia - Outback (South),Australia/Perth
235,Angledale,,NSW,New South Wales,2550,Rural locality,-36.63575,149.85715,51,154,31668,26.81300,Bega Valley (Area),Capital Region,Australia/Sydney
236,Angledool,,NSW,New South Wales,2834,Rural locality,-29.11312,147.90256,151,58,21164,689.50100,Brewarrina (Area),Far West and Orana,Australia/Sydney
237,Angle Park,Adelaide,SA,South Australia,5010,Suburb,-34.85913,138.56067,11,1563,22620,1.07000,Port Adelaide Enfield (City),Adelaide - West,Australia/Adelaide
238,Anglers Reach,,NSW,New South Wales,2629,Rural locality,-35.99920,148.66485,1189,94,24648,11.12700,Snowy Monaro Regional (Area),Capital Region,Australia/Sydney
239,Anglers Rest,,VIC,Victoria,3898,Rural locality,-37.01433,147.45141,845,21,7800,86.50400,East Gippsland (Shire),Latrobe - Gippsland,Australia/Melbourne
240,Anglesea,,VIC,Victoria,3230,Urban locality,-38.40513,144.18927,10,2545,36972,96.76000,Surf Coast (Shire),Geelong,Australia/Melbourne
241,Angle Vale,,SA,South Australia,5117,Urban locality,-34.64077,138.64660,37,2923,36816,14.05400,Playford (City),Adelaide - North,Australia/Adelaide
242,Angourie,,NSW,New South Wales,2464,Urban locality,-29.48101,153.35996,35,222,36036,3.53600,Clarence Valley (Area),Coffs Harbour - Grafton,Australia/Sydney
243,Angurugu,,NT,Northern Territory,0822,Urban locality,-13.98119,136.46121,16,855,17316,1.51300,East Arnhem (Regional Council),Northern Territory - Outback,Australia/Darwin
244,Anindilyakwa,,NT,Northern Territory,0822,Rural locality,-13.97005,136.59334,122,117,34320,2592.73700,East Arnhem (Regional Council),Northern Territory - Outback,Australia/Darwin
245,Anketell,,WA,Western Australia,6167,Rural locality,-32.21870,115.86538,22,248,33332,6.82200,Kwinana (City),Perth - South West,Australia/Perth
246,Anmatjere,,NT,Northern Territory,0872,Rural locality,-22.00828,133.46465,529,477,15340,54462.87400,Central Desert (Regional Council),Northern Territory - Outback,Australia/Darwin
247,Anna Bay,,NSW,New South Wales,2316,Urban locality,-32.77692,152.08327,7,3846,25844,22.25000,Port Stephens (Area),Hunter Valley exc Newcastle,Australia/Sydney
248,Annadale,,SA,South Australia,5356,Rural locality,-34.38932,139.38842,73,44,19916,46.77100,Mid Murray (District Council),South Australia - South East,Australia/Adelaide
249,Annandale,Sydney,NSW,New South Wales,2038,Suburb,-33.88144,151.17068,32,9451,60424,1.49300,Inner West (Area),Sydney - Inner West,Australia/Sydney
250,Annandale,Townsville,QLD,Queensland,4814,Suburb,-19.31109,146.78764,10,8574,39676,6.84000,Townsville (City),Townsville,Australia/Brisbane
251,Annangrove,,NSW,New South Wales,2156,Rural locality,-33.65777,150.94351,82,1397,39780,10.24600,The Hills Shire (Area),Sydney - Baulkham Hills and Hawkesbury,Australia/Sydney
252,Annerley,Brisbane,QLD,Queensland,4103,Suburb,-27.51161,153.03183,45,11336,39416,2.87600,Brisbane (City),Brisbane - South,Australia/Brisbane
253,Anniebrook,,WA,Western Australia,6280,Rural locality,-33.66919,115.16909,15,54,26936,13.26300,Busselton (City),Bunbury,Australia/Perth
254,Annuello,,VIC,Victoria,3549,Rural locality,-34.84770,142.83012,61,25,29900,320.81100,Swan Hill (Rural City),North West,Australia/Melbourne
255,Ansons Bay,,TAS,Tasmania,7264,Rural locality,-41.03789,148.26834,12,31,20228,229.35100,Break O'Day (Municipality),Launceston and North East,Australia/Hobart
256,Anstead,Brisbane,QLD,Queensland,4070,Suburb,-27.54559,152.87227,20,1509,47268,13.85200,Brisbane (City),Brisbane - West,Australia/Brisbane
257,Antechamber Bay,,SA,South Australia,5222,Rural locality,-35.80174,138.07272,10,8,28548,14.93600,Kangaroo Island (District Council),South Australia - South East,Australia/Adelaide
258,Anthony,,QLD,Queensland,4310,Rural locality,-27.87818,152.68408,97,111,31824,13.83400,Scenic Rim (Regional Council),Ipswich,Australia/Brisbane
259,Antigua,,QLD,Queensland,4650,Rural locality,-25.63821,152.60253,40,127,24180,17.17000,Fraser Coast (Regional Council),Wide Bay,Australia/Brisbane
260,Antill Ponds,,TAS,Tasmania,7120,Rural locality,-42.20401,147.40135,293,11,46800,40.48200,Southern Midlands (Municipality),South East,Australia/Hobart
261,Antonymyre,,WA,Western Australia,6714,Rural locality,-20.66316,117.09337,8,0,0,25.77400,Karratha (City),Western Australia - Outback (North),Australia/Perth
262,Antwerp,,VIC,Victoria,3414,Rural locality,-36.29842,142.02456,100,63,20124,132.78800,Hindmarsh (Shire),North West,Australia/Melbourne
263,Anula,Darwin,NT,Northern Territory,0812,Suburb,-12.39191,130.89015,37,2369,53144,1.31800,Darwin (City),Darwin,Australia/Darwin
264,Apamurra,,SA,South Australia,5237,Rural locality,-34.85524,139.19677,159,8,22100,3.74200,Mid Murray (District Council),South Australia - South East,Australia/Adelaide
265,Apoinga,,SA,South Australia,5413,Rural locality,-33.92808,138.93758,468,32,31824,51.62500,Goyder (District Council),Barossa - Yorke - Mid North,Australia/Adelaide
266,Apollo Bay,,TAS,Tasmania,7150,Rural locality,-43.15912,147.29609,29,23,39416,2.29500,Kingborough (Municipality),South East,Australia/Hobart
267,Apollo Bay,,VIC,Victoria,3233,Urban locality,-38.74843,143.67043,1,1598,29432,86.91500,Colac-Otway (Shire),Warrnambool and South West,Australia/Melbourne
268,Appila,,SA,South Australia,5480,Rural locality,-33.05054,138.42808,371,83,23400,120.15500,Mount Remarkable (District Council),Barossa - Yorke - Mid North,Australia/Adelaide
269,Appin,,NSW,New South Wales,2560,Urban locality,-34.20089,150.78748,242,2633,42744,102.05500,Wollondilly (Area),Sydney - Outer South West,Australia/Sydney
270,Appin,,VIC,Victoria,3579,Rural locality,-35.88565,143.87805,82,11,22100,37.80800,Gannawarra (Shire),North West,Australia/Melbourne
271,Appin South,,VIC,Victoria,3579,Rural locality,-35.94096,143.85991,86,29,19448,51.53300,Loddon (Shire),Bendigo,Australia/Melbourne
272,Appleby,,NSW,New South Wales,2340,Rural locality,-30.96493,150.82515,365,37,42328,18.15200,Tamworth Regional (Area),New England and North West,Australia/Sydney
273,Applecross,Perth,WA,Western Australia,6153,Suburb,-32.01940,115.83322,10,6887,49608,3.19500,Melville (City),Perth - South West,Australia/Perth
274,Applethorpe,,QLD,Queensland,4378,Rural locality,-28.61395,151.95549,880,511,25532,46.81000,Southern Downs (Regional Council),Darling Downs - Maranoa,Australia/Brisbane
275,Apple Tree Creek,,QLD,Queensland,4660,Urban locality,-25.21521,152.23400,80,639,23036,23.87900,Bundaberg (Regional Council),Wide Bay,Australia/Brisbane
276,Appletree Flat,,NSW,New South Wales,2330,Rural locality,-32.51231,150.86485,111,16,31824,28.53200,Singleton (Area),Hunter Valley exc Newcastle,Australia/Sydney
277,Apple Tree Flat,,NSW,New South Wales,2850,Rural locality,-32.68522,149.70505,490,41,34528,17.02200,Mid-Western Regional (Area),Central West,Australia/Sydney
278,Apslawn,,TAS,Tasmania,7190,Rural locality,-41.95662,148.16487,43,18,31824,76.21100,Glamorgan/Spring Bay (Municipality),South East,Australia/Hobart
279,Apsley,,NSW,New South Wales,2820,Rural locality,-32.59836,148.96393,337,107,21580,28.23000,Dubbo Regional (Area),Far West and Orana,Australia/Sydney
280,Apsley,,TAS,Tasmania,7030,Rural locality,-42.41812,147.13831,297,35,35724,68.36400,Central Highlands (Municipality),South East,Australia/Hobart
281,Apsley,,VIC,Victoria,3319,Rural locality,-36.96756,141.08075,108,277,30004,332.11700,West Wimmera (Shire),North West,Australia/Melbourne
282,Arable,,NSW,New South Wales,2630,Rural locality,-36.36737,148.94553,910,12,48516,116.32700,Snowy Monaro Regional (Area),Capital Region,Australia/Sydney
283,Arakoon,South West Rocks,NSW,New South Wales,2431,Suburb,-30.88823,153.06696,12,420,29328,24.79400,Kempsey (Area),Mid North Coast,Australia/Sydney
284,Araluen,,NSW,New South Wales,2622,Rural locality,-35.64693,149.81215,155,168,22776,121.27400,Queanbeyan-Palerang Regional (Area),Capital Region,Australia/Sydney
285,Araluen,Alice Springs,NT,Northern Territory,0870,Suburb,-23.70239,133.84954,585,2706,57044,4.14700,Alice Springs (Town),Northern Territory - Outback,Australia/Darwin
286,Araluen,,QLD,Queensland,4570,Rural locality,-26.15949,152.66767,104,614,28340,6.56800,Gympie (Regional Council),Wide Bay,Australia/Brisbane
287,Aramac,,QLD,Queensland,4726,Urban locality,-22.97216,145.24543,229,299,31616,39.49000,Barcaldine (Regional Council),Queensland - Outback,Australia/Brisbane
288,Aramara,,QLD,Queensland,4620,Rural locality,-25.61128,152.32592,129,57,23088,74.82700,Fraser Coast (Regional Council),Wide Bay,Australia/Brisbane
289,Arana Hills,Brisbane,QLD,Queensland,4054,Suburb,-27.39752,152.95954,46,6810,42900,3.65400,Moreton Bay (Regional Council),Moreton Bay - South,Australia/Brisbane
290,Aranbanga,,QLD,Queensland,4625,Rural locality,-25.80681,151.67007,314,10,13000,221.39100,North Burnett (Regional Council),Wide Bay,Australia/Brisbane
291,Aranda,Canberra,ACT,Australian Capital Territory,2614,Suburb,-35.25796,149.07565,632,2393,62140,1.56300,Unincorporated,Australian Capital Territory,Australia/Sydney
292,Ararat,,VIC,Victoria,3377,Urban locality,-37.28430,142.92823,336,8297,29172,161.17900,Ararat (Rural City),North West,Australia/Melbourne
293,Aratula,,NSW,New South Wales,2714,Rural locality,-35.78620,145.29243,108,9,0,163.38100,Murray River (Area),Murray,Australia/Sydney
294,Aratula,,QLD,Queensland,4309,Urban locality,-27.98146,152.54862,112,532,28496,26.24700,Scenic Rim (Regional Council),Ipswich,Australia/Brisbane
295,Arawata,,VIC,Victoria,3951,Rural locality,-38.39491,145.88822,280,79,29120,22.53900,South Gippsland (Shire),Latrobe - Gippsland,Australia/Melbourne
296,Arbouin,,QLD,Queensland,4892,Rural locality,-17.06157,143.99539,242,0,0,1062.03200,Mareeba (Shire),Queensland - Outback,Australia/Brisbane
297,Arbuckle,,VIC,Victoria,3858,Rural locality,-37.36904,146.82917,1306,0,0,150.50600,Wellington (Shire),Latrobe - Gippsland,Australia/Melbourne
298,Arcadia,,NSW,New South Wales,2159,Rural locality,-33.62310,151.05273,216,1385,40144,22.40900,Hornsby (Area),Sydney - Baulkham Hills and Hawkesbury,Australia/Sydney
299,Arcadia,,QLD,Queensland,4819,Urban locality,-19.15104,146.86423,10,248,25272,5.85100,Townsville (City),Townsville,Australia/Brisbane
300,Arcadia,,VIC,Victoria,3631,Rural locality,-36.54160,145.36256,124,217,36868,76.04900,Greater Shepparton (City),Shepparton,Australia/Melbourne
301,Arcadia South,,VIC,Victoria,3631,Rural locality,-36.59378,145.38112,129,75,28600,69.50700,Strathbogie (Shire),Hume,Australia/Melbourne
302,Arcadia Vale,Newcastle,NSW,New South Wales,2283,Suburb,-33.06034,151.57582,34,1378,31824,1.34600,Lake Macquarie (City),Newcastle and Lake Macquarie,Australia/Sydney
303,Arcadia Valley,,QLD,Queensland,4702,Rural locality,-25.02985,148.81407,537,102,48724,2115.80400,Central Highlands (Regional Council),Central Queensland,Australia/Brisbane
304,Archdale,,VIC,Victoria,3475,Rural locality,-36.83090,143.50230,204,21,18928,41.46400,Central Goldfields (Shire),Ballarat,Australia/Melbourne
305,Archdale Junction,,VIC,Victoria,3475,Rural locality,-36.88492,143.51731,204,6,29900,38.09900,Central Goldfields (Shire),Ballarat,Australia/Melbourne
306,Archer,,NT,Northern Territory,0830,Rural locality,-12.51182,130.97059,13,0,0,11.32500,Palmerston (City),Darwin,Australia/Darwin
307,Archerfield,Brisbane,QLD,Queensland,4108,Suburb,-27.56839,153.02417,15,544,27664,4.62300,Brisbane (City),Brisbane - South,Australia/Brisbane
308,Archer River,,QLD,Queensland,4892,Rural locality,-13.34792,142.52661,82,22,55224,9381.43100,Cook (Shire),Queensland - Outback,Australia/Brisbane
309,Archerton,,VIC,Victoria,3723,Rural locality,-36.89447,146.25651,945,17,33748,78.97100,Benalla (Rural City),Hume,Australia/Melbourne
310,Archies Creek,,VIC,Victoria,3995,Rural locality,-38.54829,145.56373,25,22,22100,0.06900,Bass Coast (Shire),Latrobe - Gippsland,Australia/Melbourne
311,Arcoona,,SA,South Australia,5720,Rural locality,-31.20422,137.19217,94,10,84500,6823.44600,Unincorporated,South Australia - Outback,Australia/Adelaide
312,Arcturus,,QLD,Queensland,4722,Rural locality,-23.98933,148.33948,197,75,46124,1206.34300,Central Highlands (Regional Council),Central Queensland,Australia/Brisbane
313,Ardath,,WA,Western Australia,6419,Rural locality,-32.03476,118.10277,280,57,31824,358.31100,Bruce Rock (Shire),Western Australia - Wheat Belt,Australia/Perth
314,Ardeer,Melbourne,VIC,Victoria,3022,Suburb,-37.77596,144.80104,46,3103,26416,2.13100,Brimbank (City),Melbourne - West,Australia/Melbourne
315,Ardglen,,NSW,New South Wales,2338,Rural locality,-31.73451,150.78559,627,59,25220,72.27300,Liverpool Plains (Area),New England and North West,Australia/Sydney
316,Arding,,NSW,New South Wales,2358,Rural locality,-30.58855,151.55675,1053,208,30628,54.77100,Uralla (Area),New England and North West,Australia/Sydney
317,Ardlethan,,NSW,New South Wales,2665,Urban locality,-34.35736,146.90340,203,519,21580,538.87300,Coolamon (Area),Riverina,Australia/Sydney
318,Ardmona,,VIC,Victoria,3629,Rural locality,-36.37854,145.29537,110,487,35152,39.21100,Greater Shepparton (City),Shepparton,Australia/Melbourne
319,Ardross,Perth,WA,Western Australia,6153,Suburb,-32.02488,115.84141,19,4232,41808,2.25900,Melville (City),Perth - South West,Australia/Perth
320,Ardrossan,,SA,South Australia,5571,Urban locality,-34.42295,137.91681,33,1167,24388,24.29700,Yorke Peninsula (District Council),Barossa - Yorke - Mid North,Australia/Adelaide
321,Areegra,,VIC,Victoria,3480,Rural locality,-36.23825,142.68032,112,35,36400,114.86500,Yarriambiack (Shire),North West,Australia/Melbourne
322,Areyonga,,NT,Northern Territory,0872,Urban locality,-24.07205,132.26771,675,195,12324,6.98100,MacDonnell (Regional Council),Northern Territory - Outback,Australia/Darwin
323,Argalong,,NSW,New South Wales,2720,Rural locality,-35.31550,148.45387,770,29,39208,132.30300,Snowy Valleys (Area),Riverina,Australia/Sydney
324,Argenton,Newcastle,NSW,New South Wales,2284,Suburb,-32.93481,151.63088,8,1351,25480,1.52300,Lake Macquarie (City),Newcastle and Lake Macquarie,Australia/Sydney
325,Argents Hill,,NSW,New South Wales,2449,Rural locality,-30.62195,152.74633,92,221,22516,76.25500,Nambucca Valley (Area),Mid North Coast,Australia/Sydney
326,Argoon,,NSW,New South Wales,2707,Rural locality,-34.85828,145.67415,113,13,18200,247.12500,Murrumbidgee (Area),Riverina,Australia/Sydney
327,Argoon,,QLD,Queensland,4702,Rural locality,-24.25515,150.43348,164,151,39052,164.77500,Banana (Shire),Central Queensland,Australia/Brisbane
328,Argyle,,VIC,Victoria,3523,Rural locality,-36.96763,144.71685,307,215,23608,19.73900,Greater Bendigo (City),Bendigo,Australia/Melbourne
329,Argyle,,WA,Western Australia,6239,Rural locality,-33.54822,115.76634,61,545,34996,13.79300,Donnybrook-Balingup (Shire),Bunbury,Australia/Perth
330,Argyll,,QLD,Queensland,4721,Rural locality,-23.27732,147.56250,351,31,31148,1240.42700,Central Highlands (Regional Council),Central Queensland,Australia/Brisbane
331,Ariah Park,,NSW,New South Wales,2665,Urban locality,-34.34811,147.22122,253,493,27300,489.99100,Temora (Area),Riverina,Australia/Sydney
332,Arkaroola Village,,SA,South Australia,5732,Rural locality,-30.13370,139.64033,64,54,82316,6058.80800,Unincorporated,South Australia - Outback,Australia/Adelaide
333,Arkell,,NSW,New South Wales,2795,Rural locality,-33.72778,149.38295,944,43,36140,66.86000,Bathurst Regional (Area),Central West,Australia/Sydney
334,Arkstone,,NSW,New South Wales,2795,Rural locality,-34.04242,149.64425,957,22,46748,79.37100,Oberon (Area),Central West,Australia/Sydney
335,Armadale,Melbourne,VIC,Victoria,3143,Suburb,-37.85532,145.01914,48,9054,55068,2.15500,Stonnington (City),Melbourne - Inner,Australia/Melbourne
336,Armadale,Perth,WA,Western Australia,6112,Suburb,-32.15239,116.00827,55,13619,26364,8.37100,Armadale (City),Perth - South East,Australia/Perth
337,Armagh,,SA,South Australia,5453,Rural locality,-33.83679,138.57943,401,362,38376,16.19000,Clare and Gilbert Valleys (District Council),Barossa - Yorke - Mid North,Australia/Adelaide
338,Armatree,,NSW,New South Wales,2828,Rural locality,-31.44798,148.46345,240,153,38740,484.98000,Gilgandra (Area),Far West and Orana,Australia/Sydney
339,Armidale,,NSW,New South Wales,2350,Major urban locality,-30.51417,151.66899,979,23352,29328,274.60000,Armidale Regional (Area),New England and North West,Australia/Sydney
340,Armstrong,,VIC,Victoria,3377,Rural locality,-37.21003,142.88499,306,88,26468,19.18500,Ararat (Rural City),North West,Australia/Melbourne
341,Armstrong Beach,,QLD,Queensland,4737,Urban locality,-21.45491,149.28956,10,863,33176,22.23600,Mackay (Regional Council),Mackay - Isaac - Whitsunday,Australia/Brisbane
342,Armstrong Creek,,QLD,Queensland,4520,Rural locality,-27.22574,152.82965,73,325,39156,34.30500,Moreton Bay (Regional Council),Moreton Bay - South,Australia/Brisbane
343,Armstrong Creek,Geelong,VIC,Victoria,3217,Suburb,-38.23465,144.36940,12,4247,45760,19.52700,Greater Geelong (City),Geelong,Australia/Melbourne
344,Arncliffe,Sydney,NSW,New South Wales,2205,Suburb,-33.93632,151.14469,26,10590,32708,2.94300,Bayside (Area),Sydney - Inner South West,Australia/Sydney
345,Arndell Park,Sydney,NSW,New South Wales,2148,Suburb,-33.78727,150.87196,45,27,46800,2.00100,Blacktown (City),Sydney - Blacktown,Australia/Sydney
346,Arno Bay,,SA,South Australia,5603,Urban locality,-33.91190,136.56835,2,331,28496,233.63400,Cleve (District Council),South Australia - Outback,Australia/Adelaide
347,Arnold,,NT,Northern Territory,0852,Rural locality,-15.80974,134.14711,145,27,46800,18238.47500,Roper Gulf (Regional Council),Northern Territory - Outback,Australia/Darwin
348,Arnold,,VIC,Victoria,3551,Rural locality,-36.69082,143.86837,163,47,24856,49.49000,Loddon (Shire),Bendigo,Australia/Melbourne
349,Arnold West,,VIC,Victoria,3551,Rural locality,-36.66177,143.76205,199,22,20228,34.54900,Loddon (Shire),Bendigo,Australia/Melbourne
350,Aroona,Sunshine Coast,QLD,Queensland,4551,Suburb,-26.77538,153.11317,16,3287,32864,1.89200,Sunshine Coast (Regional Council),Sunshine Coast,Australia/Brisbane
351,Arrawarra,,NSW,New South Wales,2456,Urban locality,-30.05960,153.18789,15,523,21840,2.81800,Coffs Harbour (City),Coffs Harbour - Grafton,Australia/Sydney
352,Arrawarra Headland,,NSW,New South Wales,2456,Urban locality,-30.05977,153.20274,13,557,29432,2.68000,Coffs Harbour (City),Coffs Harbour - Grafton,Australia/Sydney
353,Arriga,,QLD,Queensland,4880,Rural locality,-17.10991,145.30199,501,1079,40248,155.72000,Mareeba (Shire),Queensland - Outback,Australia/Brisbane
354,Arrino,,WA,Western Australia,6519,Rural locality,-29.44006,115.62837,267,50,22100,398.72600,Three Springs (Shire),Western Australia - Outback (South),Australia/Perth
355,Arrowsmith,,WA,Western Australia,6525,Rural locality,-29.54356,115.06993,32,12,37648,820.67000,Irwin (Shire),Western Australia - Outback (South),Australia/Perth
356,Arrowsmith East,,WA,Western Australia,6519,Rural locality,-29.61460,115.34013,196,43,60112,812.01100,Three Springs (Shire),Western Australia - Outback (South),Australia/Perth
357,Artarmon,Sydney,NSW,New South Wales,2064,Suburb,-33.80943,151.18566,86,9523,53456,2.53500,Willoughby (City),Sydney - North Sydney and Hornsby,Australia/Sydney
358,Arthur River,,TAS,Tasmania,7330,Rural locality,-41.05955,144.68187,39,57,22100,38.59100,Circular Head (Municipality),West and North West,Australia/Hobart
359,Arthur River,,WA,Western Australia,6315,Rural locality,-33.33805,117.03417,290,112,28912,477.25600,West Arthur (Shire),Western Australia - Wheat Belt,Australia/Perth
360,Arthurs Creek,,VIC,Victoria,3099,Rural locality,-37.58770,145.21816,132,496,37336,39.17500,Nillumbik (Shire),Melbourne - North East,Australia/Melbourne
361,Arthurs Lake,,TAS,Tasmania,7030,Rural locality,-42.00249,146.96593,958,18,14560,216.80800,Central Highlands (Municipality),South East,Australia/Hobart
362,Arthurs Seat,,VIC,Victoria,3936,Urban locality,-38.35443,144.94979,308,394,38376,8.81500,Mornington Peninsula (Shire),Mornington Peninsula,Australia/Melbourne
363,Arthurton,,SA,South Australia,5572,Rural locality,-34.25753,137.75640,204,148,39312,145.01100,Yorke Peninsula (District Council),Barossa - Yorke - Mid North,Australia/Adelaide
364,Arthurville,,NSW,New South Wales,2820,Rural locality,-32.55484,148.74271,310,36,45032,72.54000,Dubbo Regional (Area),Far West and Orana,Australia/Sydney
365,Arumbera,,NT,Northern Territory,0873,Rural locality,-23.78482,133.81467,558,268,13416,70.08800,Alice Springs (Town),Northern Territory - Outback,Australia/Darwin
366,Arumpo,,NSW,New South Wales,2715,Rural locality,-33.87362,142.88526,77,34,34580,5396.40800,Wentworth (Area),Murray,Australia/Sydney
367,Arundel,Gold Coast,QLD,Queensland,4214,Suburb,-27.93971,153.37278,14,10246,31980,10.38300,Gold Coast (City),Gold Coast,Australia/Brisbane
368,Ascot,Brisbane,QLD,Queensland,4007,Suburb,-27.43027,153.05868,35,5777,52936,2.73600,Brisbane (City),Brisbane Inner City,Australia/Brisbane
369,Ascot,,QLD,Queensland,4360,Rural locality,-27.82540,151.99673,466,31,37700,33.48400,Toowoomba (Regional Council),Darling Downs - Maranoa,Australia/Brisbane
370,Ascot,,VIC,Victoria,3364,Rural locality,-37.40088,143.80251,416,96,27768,36.42900,Ballarat (City),Ballarat,Australia/Melbourne
371,Ascot,Bendigo,VIC,Victoria,3551,Suburb,-36.71225,144.33338,198,1968,35464,10.55200,Greater Bendigo (City),Bendigo,Australia/Melbourne
372,Ascot,Perth,WA,Western Australia,6104,Suburb,-31.94068,115.92300,4,2572,46176,3.76100,Belmont (City),Perth - South East,Australia/Perth
373,Ascot Park,Adelaide,SA,South Australia,5043,Suburb,-34.98693,138.56464,26,3293,32084,1.00400,Marion (City),Adelaide - South,Australia/Adelaide
374,Ascot Vale,Melbourne,VIC,Victoria,3032,Suburb,-37.77583,144.92338,38,14750,42848,3.83600,Moonee Valley (City),Melbourne - Inner,Australia/Melbourne
375,Ashbourne,,SA,South Australia,5157,Rural locality,-35.28283,138.77018,154,281,34424,58.45600,Alexandrina (District Council),South Australia - South East,Australia/Adelaide
376,Ashbourne,,VIC,Victoria,3442,Rural locality,-37.40543,144.45857,648,196,47736,37.84300,Macedon Ranges (Shire),Bendigo,Australia/Melbourne
377,Ashburton,Melbourne,VIC,Victoria,3147,Suburb,-37.86339,145.07942,60,7751,42536,2.92300,Boroondara (City),Melbourne - Inner East,Australia/Melbourne
378,Ashbury,Sydney,NSW,New South Wales,2193,Suburb,-33.90190,151.11932,20,3329,38636,1.03100,Canterbury-Bankstown (Area),Sydney - Inner West,Australia/Sydney
379,Ashby,,NSW,New South Wales,2463,Rural locality,-29.42393,153.18745,25,326,25480,14.03000,Clarence Valley (Area),Coffs Harbour - Grafton,Australia/Sydney
380,Ashby,Perth,WA,Western Australia,6065,Suburb,-31.73421,115.79245,39,2665,35932,1.40300,Wanneroo (City),Perth - North West,Australia/Perth
381,Ashby Heights,,NSW,New South Wales,2463,Rural locality,-29.41374,153.17939,122,232,22568,32.34900,Clarence Valley (Area),Coffs Harbour - Grafton,Australia/Sydney
382,Ashby Island,,NSW,New South Wales,2463,Rural locality,-29.43097,153.20263,1,16,35048,2.41000,Clarence Valley (Area),Coffs Harbour - Grafton,Australia/Sydney
383,Ashcroft,Sydney,NSW,New South Wales,2168,Suburb,-33.91759,150.89910,17,3585,21060,1.15400,Liverpool (City),Sydney - South West,Australia/Sydney
384,Ashendon,,WA,Western Australia,6111,Rural locality,-32.23124,116.14054,349,15,49348,210.52500,Armadale (City),Perth - South East,Australia/Perth
385,Ashfield,Sydney,NSW,New South Wales,2131,Suburb,-33.88953,151.12586,47,23841,35412,3.41400,Inner West (Area),Sydney - Inner West,Australia/Sydney
386,Ashfield,Bundaberg,QLD,Queensland,4670,Suburb,-24.87276,152.39614,26,793,39780,4.88400,Bundaberg (Regional Council),Wide Bay,Australia/Brisbane
387,Ashfield,Perth,WA,Western Australia,6054,Suburb,-31.91520,115.93764,23,1317,31876,0.80200,Bassendean (Town),Perth - North East,Australia/Perth
388,Ashford,,NSW,New South Wales,2361,Urban locality,-29.32125,151.09608,430,652,22152,681.04700,Inverell (Area),New England and North West,Australia/Sydney
389,Ashford,Adelaide,SA,South Australia,5035,Suburb,-34.94871,138.57395,31,959,35256,0.32900,West Torrens (City),Adelaide - West,Australia/Adelaide
390,Ashgrove,Brisbane,QLD,Queensland,4060,Suburb,-27.44560,152.99212,38,13039,50024,5.82600,Brisbane (City),Brisbane Inner City,Australia/Brisbane
391,Ashley,,NSW,New South Wales,2400,Urban locality,-29.31777,149.80806,204,365,40040,332.76700,Moree Plains (Area),New England and North West,Australia/Sydney
392,Ashmont,Wagga Wagga,NSW,New South Wales,2650,Suburb,-35.12318,147.32996,190,3828,26260,2.42900,Wagga Wagga (City),Riverina,Australia/Sydney
393,Ashmore,Gold Coast,QLD,Queensland,4214,Suburb,-27.98638,153.38205,27,11910,32968,6.83100,Gold Coast (City),Gold Coast,Australia/Brisbane
394,Ashton,,SA,South Australia,5137,Rural locality,-34.93973,138.73739,546,511,40612,6.74300,Adelaide Hills (District Council),Adelaide - Central and Hills,Australia/Adelaide
395,Ashtonfield,Maitland,NSW,New South Wales,2323,Suburb,-32.77382,151.60100,43,4645,39936,6.83400,Maitland (City),Hunter Valley exc Newcastle,Australia/Sydney
396,Ashville,,SA,South Australia,5259,Rural locality,-35.51045,139.36576,7,34,25428,113.22800,The Coorong (District Council),South Australia - South East,Australia/Adelaide
397,Ashwell,,QLD,Queensland,4340,Rural locality,-27.62846,152.56010,73,85,24128,7.53400,Ipswich (City),Ipswich,Australia/Brisbane
398,Ashwood,Melbourne,VIC,Victoria,3147,Suburb,-37.86469,145.09306,76,6886,33800,2.54500,Monash (City),Melbourne - South East,Australia/Melbourne
399,Aspendale,Melbourne,VIC,Victoria,3195,Suburb,-38.02648,145.10191,10,6940,41184,3.02900,Kingston (City),Melbourne - Inner South,Australia/Melbourne
400,Aspendale Gardens,Melbourne,VIC,Victoria,3195,Suburb,-38.02346,145.11837,5,6530,34788,3.24000,Kingston (City),Melbourne - Inner South,Australia/Melbourne
401,Aspley,Brisbane,QLD,Queensland,4034,Suburb,-27.36386,153.01574,25,12108,37908,6.30000,Brisbane (City),Brisbane - North,Australia/Brisbane
402,Asquith,Sydney,NSW,New South Wales,2077,Suburb,-33.68748,151.10869,186,3376,40924,3.50200,Hornsby (Area),Sydney - North Sydney and Hornsby,Australia/Sydney
403,Athelstone,Adelaide,SA,South Australia,5076,Suburb,-34.86980,138.70285,121,9152,35256,6.20400,Campbelltown (City),Adelaide - Central and Hills,Australia/Adelaide
404,Atherton,,QLD,Queensland,4883,Urban locality,-17.26827,145.47457,766,7331,27456,94.04600,Tablelands (Regional Council),Cairns,Australia/Brisbane
405,Athlone,,VIC,Victoria,3818,Rural locality,-38.23990,145.77982,79,122,25636,30.36000,Baw Baw (Shire),Latrobe - Gippsland,Australia/Melbourne
406,Athol,,QLD,Queensland,4350,Rural locality,-27.61535,151.77485,517,134,37128,26.74600,Toowoomba (Regional Council),Darling Downs - Maranoa,Australia/Brisbane
407,Athol Park,Adelaide,SA,South Australia,5012,Suburb,-34.85768,138.54263,9,2084,24960,0.94300,Charles Sturt (City),Adelaide - West,Australia/Adelaide
408,Atholwood,,NSW,New South Wales,2361,Rural locality,-28.99964,151.05801,420,79,18200,454.45600,Inverell (Area),New England and North West,Australia/Sydney
409,Atitjere,,NT,Northern Territory,0872,Urban locality,-22.98305,134.93172,571,224,21008,7.01400,Central Desert (Regional Council),Northern Territory - Outback,Australia/Darwin
410,Atkinsons Dam,,QLD,Queensland,4311,Rural locality,-27.42101,152.45551,63,205,23296,26.68900,Somerset (Regional Council),Ipswich,Australia/Brisbane
411,Attadale,Perth,WA,Western Australia,6156,Suburb,-32.02581,115.80135,18,6335,47840,3.10200,Melville (City),Perth - South West,Australia/Perth
412,Attunga,,NSW,New South Wales,2345,Rural locality,-30.89480,150.82465,469,571,33228,218.72100,Tamworth Regional (Area),New England and North West,Australia/Sydney
413,Attwood,Melbourne,VIC,Victoria,3049,Suburb,-37.66752,144.88529,120,3419,36296,5.05900,Hume (City),Melbourne - North West,Australia/Melbourne
414,Atwell,Perth,WA,Western Australia,6164,Suburb,-32.13280,115.86059,26,9063,43108,3.54100,Cockburn (City),Perth - South West,Australia/Perth
415,Aubigny,,QLD,Queensland,4401,Rural locality,-27.52223,151.64174,418,254,35932,57.54000,Toowoomba (Regional Council),Darling Downs - Maranoa,Australia/Brisbane
416,Aubin Grove,Perth,WA,Western Australia,6164,Suburb,-32.16841,115.86112,27,6324,48724,2.47300,Cockburn (City),Perth - South West,Australia/Perth
417,Aubrey,,VIC,Victoria,3393,Rural locality,-36.24110,142.23414,118,10,31148,61.60900,Yarriambiack (Shire),North West,Australia/Melbourne
418,Auburn,Sydney,NSW,New South Wales,2144,Suburb,-33.84932,151.03342,24,37366,22568,8.56400,Cumberland (Area),Sydney - Parramatta,Australia/Sydney
419,Auburn,,QLD,Queensland,4413,Rural locality,-25.99990,150.50818,308,26,48516,1156.86600,Western Downs (Regional Council),Darling Downs - Maranoa,Australia/Brisbane
420,Auburn,,SA,South Australia,5451,Urban locality,-34.02800,138.68164,319,661,31564,119.85300,Clare and Gilbert Valleys (District Council),Barossa - Yorke - Mid North,Australia/Adelaide
421,Auburn Vale,,NSW,New South Wales,2360,Rural locality,-29.83895,151.04172,637,123,39832,63.64700,Inverell (Area),New England and North West,Australia/Sydney
422,Auchenflower,Brisbane,QLD,Queensland,4066,Suburb,-27.47553,152.99342,16,5870,49504,1.37900,Brisbane (City),Brisbane Inner City,Australia/Brisbane
423,Auchmore,,VIC,Victoria,3570,Rural locality,-36.47236,144.09569,120,13,43316,74.53300,Loddon (Shire),Bendigo,Australia/Melbourne
424,Augathella,,QLD,Queensland,4477,Urban locality,-25.79469,146.58661,372,449,26884,1459.05000,Murweh (Shire),Queensland - Outback,Australia/Brisbane
425,Augusta,,WA,Western Australia,6290,Urban locality,-34.31594,115.15973,35,1382,25272,29.94400,Augusta-Margaret River (Shire),Bunbury,Australia/Perth
426,Augustine Heights,Brisbane,QLD,Queensland,4300,Suburb,-27.66915,152.89354,87,4880,52208,5.62400,Ipswich (City),Ipswich,Australia/Brisbane
427,Auldana,Adelaide,SA,South Australia,5072,Suburb,-34.91972,138.68440,199,625,38480,0.60900,Burnside (City),Adelaide - Central and Hills,Australia/Adelaide
428,Aurukun,,QLD,Queensland,4892,Rural locality,-13.60938,141.82845,51,1269,13520,7423.98900,Aurukun (Shire),Queensland - Outback,Australia/Brisbane
429,Austinmer,Wollongong,NSW,New South Wales,2515,Suburb,-34.30628,150.93456,8,2560,45760,3.33800,Wollongong (City),Illawarra,Australia/Sydney
430,Austins Ferry,Hobart,TAS,Tasmania,7011,Suburb,-42.77503,147.24882,42,2251,33436,2.13500,Glenorchy (City),Hobart,Australia/Hobart
431,Austinville,,QLD,Queensland,4213,Rural locality,-28.13582,153.31749,104,356,31980,22.40400,Gold Coast (City),Gold Coast,Australia/Brisbane
432,Austral,Sydney,NSW,New South Wales,2179,Suburb,-33.93311,150.81203,85,3024,26884,17.66100,Liverpool (City),Sydney - South West,Australia/Sydney
433,Austral Eden,,NSW,New South Wales,2440,Rural locality,-31.02195,152.93780,4,148,30888,13.61900,Kempsey (Area),Mid North Coast,Australia/Sydney
434,Australia Plains,,SA,South Australia,5374,Rural locality,-34.09380,139.16909,272,26,24128,91.36900,Goyder (District Council),Barossa - Yorke - Mid North,Australia/Adelaide
435,Australind,Bunbury,WA,Western Australia,6233,Suburb,-33.27903,115.71443,7,14539,35932,23.06200,Harvey (Shire),Bunbury,Australia/Perth
436,Avalon,,VIC,Victoria,3212,Rural locality,-38.05097,144.45169,10,293,21164,45.16500,Greater Geelong (City),Geelong,Australia/Melbourne
437,Avalon Beach,Sydney,NSW,New South Wales,2107,Suburb,-33.63633,151.33060,10,9905,43628,5.13100,Northern Beaches (Area),Sydney - Northern Beaches,Australia/Sydney
438,Aveley,Perth,WA,Western Australia,6069,Suburb,-31.78131,115.98923,29,10173,47164,6.10200,Swan (City),Perth - North East,Australia/Perth
439,Avenel,,VIC,Victoria,3664,Urban locality,-36.89279,145.23059,150,1048,30940,204.91000,Strathbogie (Shire),Hume,Australia/Melbourne
440,Avenell Heights,Bundaberg,QLD,Queensland,4670,Suburb,-24.89048,152.37388,27,4871,25844,3.05200,Bundaberg (Regional Council),Wide Bay,Australia/Brisbane
441,Avenue Range,,SA,South Australia,5273,Rural locality,-36.90180,140.23000,23,111,37232,316.59400,Naracoorte and Lucindale (District Council),South Australia - South East,Australia/Adelaide
442,Avisford,,NSW,New South Wales,2850,Rural locality,-32.74558,149.48011,541,26,24648,18.30300,Mid-Western Regional (Area),Central West,Australia/Sydney
443,Avoca,,NSW,New South Wales,2577,Rural locality,-34.61352,150.47932,756,199,35620,24.62500,Wingecarribee (Area),Southern Highlands and Shoalhaven,Australia/Sydney
444,Avoca,Bundaberg,QLD,Queensland,4670,Suburb,-24.88185,152.31255,24,4904,27352,6.12100,Bundaberg (Regional Council),Wide Bay,Australia/Brisbane
445,Avoca,,TAS,Tasmania,7213,Rural locality,-41.78215,147.72044,209,216,19396,393.79900,Northern Midlands (Municipality),Launceston and North East,Australia/Hobart
446,Avoca,,VIC,Victoria,3467,Urban locality,-37.08854,143.47380,242,1193,23660,102.80900,Pyrenees (Shire),Ballarat,Australia/Melbourne
447,Avoca Beach,Central Coast,NSW,New South Wales,2251,Suburb,-33.46494,151.43239,10,4584,39728,4.44200,Central Coast (City),Central Coast,Australia/Sydney
448,Avoca Dell,,SA,South Australia,5253,Rural locality,-35.08855,139.30897,6,143,34372,0.72000,Murray Bridge (Rural City),South Australia - South East,Australia/Adelaide
449,Avoca Vale,,QLD,Queensland,4314,Rural locality,-26.75581,152.23556,151,34,19188,205.30300,Somerset (Regional Council),Moreton Bay - North,Australia/Brisbane
450,Avon,,NSW,New South Wales,2574,Rural locality,-34.35207,150.63475,370,0,0,265.82000,Wingecarribee (Area),Illawarra,Australia/Sydney
451,Avon,,SA,South Australia,5501,Rural locality,-34.28116,138.33875,33,64,27560,50.40000,Wakefield (District Council),Barossa - Yorke - Mid North,Australia/Adelaide
452,Avondale,,NSW,New South Wales,2530,Rural locality,-34.51418,150.73377,54,1653,30056,18.31300,Wollongong (City),Illawarra,Australia/Sydney
453,Avondale,,QLD,Queensland,4670,Rural locality,-24.74144,152.16123,27,643,24648,70.03900,Bundaberg (Regional Council),Wide Bay,Australia/Brisbane
454,Avondale Heights,Melbourne,VIC,Victoria,3034,Suburb,-37.76946,144.86509,40,11633,27352,5.40900,Moonee Valley (City),Melbourne - North West,Australia/Melbourne
455,Avonmore,,VIC,Victoria,3559,Rural locality,-36.52988,144.60446,134,43,27924,70.56400,Greater Bendigo (City),Bendigo,Australia/Melbourne
456,Avon Plains,,VIC,Victoria,3477,Rural locality,-36.53999,142.89554,141,7,38948,62.30500,Northern Grampians (Shire),North West,Australia/Melbourne
457,Avonside,,NSW,New South Wales,2628,Rural locality,-36.36398,148.72882,1086,118,44460,57.36500,Snowy Monaro Regional (Area),Capital Region,Australia/Sydney
458,Avonsleigh,Melbourne,VIC,Victoria,3782,Suburb,-37.92070,145.46725,278,852,36712,7.56200,Cardinia (Shire),Melbourne - South East,Australia/Melbourne
459,Avon Valley National Park,,WA,Western Australia,6084,Rural locality,-31.64627,116.20684,318,6,44200,74.96100,Swan (City),Perth - North East,Australia/Perth
460,Awaba,,NSW,New South Wales,2283,Urban locality,-33.00774,151.54341,59,402,31512,23.11900,Lake Macquarie (City),Newcastle and Lake Macquarie,Australia/Sydney
461,Axe Creek,,VIC,Victoria,3551,Rural locality,-36.84893,144.41948,248,352,33072,42.36600,Greater Bendigo (City),Bendigo,Australia/Melbourne
462,Axedale,,VIC,Victoria,3551,Urban locality,-36.78792,144.50413,174,802,34268,113.61400,Greater Bendigo (City),Bendigo,Australia/Melbourne
463,Aylmerton,Bowral - Mittagong,NSW,New South Wales,2575,Suburb,-34.41907,150.49274,599,194,34008,2.79600,Wingecarribee (Area),Southern Highlands and Shoalhaven,Australia/Sydney
464,Ayr,,QLD,Queensland,4807,Urban locality,-19.57605,147.40517,16,8738,31356,28.47300,Burdekin (Shire),Townsville,Australia/Brisbane
465,Ayrford,,VIC,Victoria,3268,Rural locality,-38.41566,142.85945,97,44,44876,12.90000,Moyne (Shire),Warrnambool and South West,Australia/Melbourne
